,Epoch Duration,Validation Loss
0,92.59014081954956,0.3557180968307009
1,91.98980355262756,0.28011586716111075
2,92.88559603691101,0.30504681958048135
3,92.24556040763855,0.2643858312960439
4,92.51598501205444,0.33239914586880065
5,92.46693730354309,0.44127322421377935
6,92.81304860115051,0.3984265929300513
7,91.73870182037354,0.2815418900859436
8,91.61092615127563,0.2886587326358629
9,91.10747027397156,0.269267104896123
10,90.65642547607422,0.31841051342503335
